Date,OfficialRate,OfficialCarriedForward,ParallelRate,ParallelCarriedForward,GapAbs,GapPct,DataFreshnessUTC
2024-01-02,35.9593,False,,,,,2026-04-28T11:01:00.044816+00:00
2024-01-03,35.867,False,,,,,2026-04-28T11:01:00.044816+00:00
2024-01-04,35.9496,False,,,,,2026-04-28T11:01:00.044816+00:00
2024-01-05,36.0345,False,,,,,2026-04-28T11:01:00.044816+00:00
2024-01-06,36.0345,False,,,,,2026-04-28T11:01:00.044816+00:00
2024-01-07,36.0345,False,,,,,2026-04-28T11:01:00.044816+00:00
2024-01-08,36.0065,False,,,,,2026-04-28T11:01:00.044816+00:00
2024-01-09,35.9385,False,,,,,2026-04-28T11:01:00.044816+00:00
2024-01-10,35.9171,False,,,,,2026-04-28T11:01:00.044816+00:00
2024-01-11,35.9437,False,,,,,2026-04-28T11:01:00.044816+00:00
2024-01-12,35.9629,False,,,,,2026-04-28T11:01:00.044816+00:00
2024-01-13,35.9629,False,,,,,2026-04-28T11:01:00.044816+00:00
2024-01-14,35.9629,False,,,,,2026-04-28T11:01:00.044816+00:00
2024-01-15,36.0397,False,,,,,2026-04-28T11:01:00.044816+00:00
2024-01-16,35.9744,False,,,,,2026-04-28T11:01:00.044816+00:00
2024-01-17,36.0466,False,,,,,2026-04-28T11:01:00.044816+00:00
2024-01-18,36.0761,False,,,,,2026-04-28T11:01:00.044816+00:00
2024-01-19,36.1379,False,,,,,2026-04-28T11:01:00.044816+00:00
2024-01-20,36.1379,False,,,,,2026-04-28T11:01:00.044816+00:00
2024-01-21,36.1379,False,,,,,2026-04-28T11:01:00.044816+00:00
2024-01-22,36.1459,False,,,,,2026-04-28T11:01:00.044816+00:00
2024-01-23,36.1104,False,,,,,2026-04-28T11:01:00.044816+00:00
2024-01-24,36.1279,False,,,,,2026-04-28T11:01:00.044816+00:00
2024-01-25,36.1187,False,,,,,2026-04-28T11:01:00.044816+00:00
2024-01-26,36.1186,False,,,,,2026-04-28T11:01:00.044816+00:00
2024-01-27,36.1186,False,,,,,2026-04-28T11:01:00.044816+00:00
2024-01-28,36.1186,False,,,,,2026-04-28T11:01:00.044816+00:00
2024-01-29,36.202,False,,,,,2026-04-28T11:01:00.044816+00:00
2024-01-30,36.1418,False,,,,,2026-04-28T11:01:00.044816+00:00
2024-01-31,36.2032,False,,,,,2026-04-28T11:01:00.044816+00:00
2024-02-01,36.2601,False,,,,,2026-04-28T11:01:00.044816+00:00
2024-02-02,36.2352,False,,,,,2026-04-28T11:01:00.044816+00:00
2024-02-03,36.2352,False,,,,,2026-04-28T11:01:00.044816+00:00
2024-02-04,36.2352,False,,,,,2026-04-28T11:01:00.044816+00:00
2024-02-05,36.2859,False,,,,,2026-04-28T11:01:00.044816+00:00
2024-02-06,36.2534,False,,,,,2026-04-28T11:01:00.044816+00:00
2024-02-07,36.2556,False,,,,,2026-04-28T11:01:00.044816+00:00
2024-02-08,36.2375,False,,,,,2026-04-28T11:01:00.044816+00:00
2024-02-09,36.2919,False,,,,,2026-04-28T11:01:00.044816+00:00
2024-02-10,36.2919,False,,,,,2026-04-28T11:01:00.044816+00:00
2024-02-11,36.2919,False,,,,,2026-04-28T11:01:00.044816+00:00
2024-02-12,36.2919,False,,,,,2026-04-28T11:01:00.044816+00:00
2024-02-13,36.2919,False,,,,,2026-04-28T11:01:00.044816+00:00
2024-02-14,36.3185,False,,,,,2026-04-28T11:01:00.044816+00:00
2024-02-15,36.2609,False,,,,,2026-04-28T11:01:00.044816+00:00
2024-02-16,36.2737,False,,,,,2026-04-28T11:01:00.044816+00:00
2024-02-17,36.2737,False,,,,,2026-04-28T11:01:00.044816+00:00
2024-02-18,36.2737,False,,,,,2026-04-28T11:01:00.044816+00:00
2024-02-19,36.3358,False,,,,,2026-04-28T11:01:00.044816+00:00
2024-02-20,36.2375,False,,,,,2026-04-28T11:01:00.044816+00:00
2024-02-21,36.2951,False,,,,,2026-04-28T11:01:00.044816+00:00
2024-02-22,36.2315,False,,,,,2026-04-28T11:01:00.044816+00:00
2024-02-23,36.2329,False,,,,,2026-04-28T11:01:00.044816+00:00
2024-02-24,36.2329,False,,,,,2026-04-28T11:01:00.044816+00:00
2024-02-25,36.2329,False,,,,,2026-04-28T11:01:00.044816+00:00
2024-02-26,36.0698,False,,,,,2026-04-28T11:01:00.044816+00:00
2024-02-27,36.0706,False,,,,,2026-04-28T11:01:00.044816+00:00
2024-02-28,36.0955,False,,,,,2026-04-28T11:01:00.044816+00:00
2024-02-29,36.1304,False,,,,,2026-04-28T11:01:00.044816+00:00
2024-03-01,36.1518,False,,,,,2026-04-28T11:01:00.044816+00:00
2024-03-02,36.1518,False,,,,,2026-04-28T11:01:00.044816+00:00
2024-03-03,36.1518,False,,,,,2026-04-28T11:01:00.044816+00:00
2024-03-04,36.0801,False,,,,,2026-04-28T11:01:00.044816+00:00
2024-03-05,36.0933,False,,,,,2026-04-28T11:01:00.044816+00:00
2024-03-06,36.1318,False,,,,,2026-04-28T11:01:00.044816+00:00
2024-03-07,36.1726,False,,,,,2026-04-28T11:01:00.044816+00:00
2024-03-08,36.1331,False,,,,,2026-04-28T11:01:00.044816+00:00
2024-03-09,36.1331,False,,,,,2026-04-28T11:01:00.044816+00:00
2024-03-10,36.1331,False,,,,,2026-04-28T11:01:00.044816+00:00
2024-03-11,36.1903,False,,,,,2026-04-28T11:01:00.044816+00:00
2024-03-12,36.2005,False,,,,,2026-04-28T11:01:00.044816+00:00
2024-03-13,36.2368,False,,,,,2026-04-28T11:01:00.044816+00:00
2024-03-14,36.2633,False,,,,,2026-04-28T11:01:00.044816+00:00
2024-03-15,36.276,False,,,,,2026-04-28T11:01:00.044816+00:00
2024-03-16,36.276,False,,,,,2026-04-28T11:01:00.044816+00:00
2024-03-17,36.276,False,,,,,2026-04-28T11:01:00.044816+00:00
2024-03-18,36.3167,False,,,,,2026-04-28T11:01:00.044816+00:00
2024-03-19,36.3167,False,,,,,2026-04-28T11:01:00.044816+00:00
2024-03-20,36.2653,False,,,,,2026-04-28T11:01:00.044816+00:00
2024-03-21,36.2861,False,,,,,2026-04-28T11:01:00.044816+00:00
2024-03-22,36.3217,False,,,,,2026-04-28T11:01:00.044816+00:00
2024-03-23,36.3217,False,,,,,2026-04-28T11:01:00.044816+00:00
2024-03-24,36.3217,False,,,,,2026-04-28T11:01:00.044816+00:00
2024-03-25,36.3555,False,,,,,2026-04-28T11:01:00.044816+00:00
2024-03-26,36.3006,False,,,,,2026-04-28T11:01:00.044816+00:00
2024-03-27,36.334,False,,,,,2026-04-28T11:01:00.044816+00:00
2024-03-28,36.334,False,,,,,2026-04-28T11:01:00.044816+00:00
2024-03-29,36.334,False,,,,,2026-04-28T11:01:00.044816+00:00
2024-03-30,36.334,False,,,,,2026-04-28T11:01:00.044816+00:00
2024-03-31,36.334,False,,,,,2026-04-28T11:01:00.044816+00:00
2024-04-01,36.2896,False,,,,,2026-04-28T11:01:00.044816+00:00
2024-04-02,36.2611,False,,,,,2026-04-28T11:01:00.044816+00:00
2024-04-03,36.286,False,,,,,2026-04-28T11:01:00.044816+00:00
2024-04-04,36.2493,False,,,,,2026-04-28T11:01:00.044816+00:00
2024-04-05,36.2105,False,,,,,2026-04-28T11:01:00.044816+00:00
2024-04-06,36.2105,False,,,,,2026-04-28T11:01:00.044816+00:00
2024-04-07,36.2105,False,,,,,2026-04-28T11:01:00.044816+00:00
2024-04-08,36.2274,False,,,,,2026-04-28T11:01:00.044816+00:00
2024-04-09,36.1809,False,,,,,2026-04-28T11:01:00.044816+00:00
2024-04-10,36.2251,False,,,,,2026-04-28T11:01:00.044816+00:00
2024-04-11,36.1883,False,,,,,2026-04-28T11:01:00.044816+00:00
2024-04-12,36.2804,False,,,,,2026-04-28T11:01:00.044816+00:00
2024-04-13,36.2804,False,,,,,2026-04-28T11:01:00.044816+00:00
2024-04-14,36.2804,False,,,,,2026-04-28T11:01:00.044816+00:00
2024-04-15,36.2947,False,,,,,2026-04-28T11:01:00.044816+00:00
2024-04-16,36.2889,False,,,,,2026-04-28T11:01:00.044816+00:00
2024-04-17,36.2974,False,,,,,2026-04-28T11:01:00.044816+00:00
2024-04-18,36.3265,False,,,,,2026-04-28T11:01:00.044816+00:00
2024-04-19,36.3265,False,,,,,2026-04-28T11:01:00.044816+00:00
2024-04-20,36.3265,False,,,,,2026-04-28T11:01:00.044816+00:00
2024-04-21,36.3265,False,,,,,2026-04-28T11:01:00.044816+00:00
2024-04-22,36.3421,False,,,,,2026-04-28T11:01:00.044816+00:00
2024-04-23,36.3506,False,,,,,2026-04-28T11:01:00.044816+00:00
2024-04-24,36.3877,False,,,,,2026-04-28T11:01:00.044816+00:00
2024-04-25,36.4231,False,,,,,2026-04-28T11:01:00.044816+00:00
2024-04-26,36.4311,False,,,,,2026-04-28T11:01:00.044816+00:00
2024-04-27,36.4311,False,,,,,2026-04-28T11:01:00.044816+00:00
2024-04-28,36.4311,False,,,,,2026-04-28T11:01:00.044816+00:00
2024-04-29,36.4324,False,,,,,2026-04-28T11:01:00.044816+00:00
2024-04-30,36.4262,False,,,,,2026-04-28T11:01:00.044816+00:00
2024-05-01,36.4262,False,,,,,2026-04-28T11:01:00.044816+00:00
2024-05-02,36.473,False,,,,,2026-04-28T11:01:00.044816+00:00
2024-05-03,36.5099,False,,,,,2026-04-28T11:01:00.044816+00:00
2024-05-04,36.5099,False,,,,,2026-04-28T11:01:00.044816+00:00
2024-05-05,36.5099,False,,,,,2026-04-28T11:01:00.044816+00:00
2024-05-06,36.5849,False,,,,,2026-04-28T11:01:00.044816+00:00
2024-05-07,36.5763,False,,,,,2026-04-28T11:01:00.044816+00:00
2024-05-08,36.5621,False,,,,,2026-04-28T11:01:00.044816+00:00
2024-05-09,36.5828,False,,,,,2026-04-28T11:01:00.044816+00:00
2024-05-10,36.5865,False,,,,,2026-04-28T11:01:00.044816+00:00
2024-05-11,36.5865,False,,,,,2026-04-28T11:01:00.044816+00:00
2024-05-12,36.5865,False,,,,,2026-04-28T11:01:00.044816+00:00
2024-05-13,36.5865,False,,,,,2026-04-28T11:01:00.044816+00:00
2024-05-14,36.6101,False,,,,,2026-04-28T11:01:00.044816+00:00
2024-05-15,36.5949,False,,,,,2026-04-28T11:01:00.044816+00:00
2024-05-16,36.6042,False,,,,,2026-04-28T11:01:00.044816+00:00
2024-05-17,36.6265,False,,,,,2026-04-28T11:01:00.044816+00:00
2024-05-18,36.6265,False,,,,,2026-04-28T11:01:00.044816+00:00
2024-05-19,36.6265,False,,,,,2026-04-28T11:01:00.044816+00:00
2024-05-20,36.5717,False,,,,,2026-04-28T11:01:00.044816+00:00
2024-05-21,36.5703,False,,,,,2026-04-28T11:01:00.044816+00:00
2024-05-22,36.5589,False,,,,,2026-04-28T11:01:00.044816+00:00
2024-05-23,36.5464,False,,,,,2026-04-28T11:01:00.044816+00:00
2024-05-24,36.5219,False,,,,,2026-04-28T11:01:00.044816+00:00
2024-05-25,36.5219,False,,,,,2026-04-28T11:01:00.044816+00:00
2024-05-26,36.5219,False,,,,,2026-04-28T11:01:00.044816+00:00
2024-05-27,36.5129,False,,,,,2026-04-28T11:01:00.044816+00:00
2024-05-28,36.5119,False,,,,,2026-04-28T11:01:00.044816+00:00
2024-05-29,36.5103,False,,,,,2026-04-28T11:01:00.044816+00:00
2024-05-30,36.5114,False,,,,,2026-04-28T11:01:00.044816+00:00
2024-05-31,36.5372,False,,,,,2026-04-28T11:01:00.044816+00:00
2024-06-01,36.5372,False,,,,,2026-04-28T11:01:00.044816+00:00
2024-06-02,36.5372,False,,,,,2026-04-28T11:01:00.044816+00:00
2024-06-03,36.5372,False,,,,,2026-04-28T11:01:00.044816+00:00
2024-06-04,36.5344,False,,,,,2026-04-28T11:01:00.044816+00:00
2024-06-05,36.5408,False,,,,,2026-04-28T11:01:00.044816+00:00
2024-06-06,36.524,False,,,,,2026-04-28T11:01:00.044816+00:00
2024-06-07,36.4882,False,,,,,2026-04-28T11:01:00.044816+00:00
2024-06-08,36.4882,False,,,,,2026-04-28T11:01:00.044816+00:00
2024-06-09,36.4882,False,,,,,2026-04-28T11:01:00.044816+00:00
2024-06-10,36.4787,False,,,,,2026-04-28T11:01:00.044816+00:00
2024-06-11,36.45,False,,,,,2026-04-28T11:01:00.044816+00:00
2024-06-12,36.4385,False,,,,,2026-04-28T11:01:00.044816+00:00
2024-06-13,36.4497,False,,,,,2026-04-28T11:01:00.044816+00:00
2024-06-14,36.4296,False,,,,,2026-04-28T11:01:00.044816+00:00
2024-06-15,36.4296,False,,,,,2026-04-28T11:01:00.044816+00:00
2024-06-16,36.4296,False,,,,,2026-04-28T11:01:00.044816+00:00
2024-06-17,36.4296,False,,,,,2026-04-28T11:01:00.044816+00:00
2024-06-18,36.4176,False,,,,,2026-04-28T11:01:00.044816+00:00
2024-06-19,36.3939,False,,,,,2026-04-28T11:01:00.044816+00:00
2024-06-20,36.3831,False,,,,,2026-04-28T11:01:00.044816+00:00
2024-06-21,36.3789,False,,,,,2026-04-28T11:01:00.044816+00:00
2024-06-22,36.3789,False,,,,,2026-04-28T11:01:00.044816+00:00
2024-06-23,36.3789,False,,,,,2026-04-28T11:01:00.044816+00:00
2024-06-24,36.3789,False,,,,,2026-04-28T11:01:00.044816+00:00
2024-06-25,36.3725,False,,,,,2026-04-28T11:01:00.044816+00:00
2024-06-26,36.3655,False,,,,,2026-04-28T11:01:00.044816+00:00
2024-06-27,36.3823,False,,,,,2026-04-28T11:01:00.044816+00:00
2024-06-28,36.4085,False,,,,,2026-04-28T11:01:00.044816+00:00
2024-06-29,36.4085,False,,,,,2026-04-28T11:01:00.044816+00:00
2024-06-30,36.4085,False,,,,,2026-04-28T11:01:00.044816+00:00
2024-07-01,36.4462,False,,,,,2026-04-28T11:01:00.044816+00:00
2024-07-02,36.4551,False,,,,,2026-04-28T11:01:00.044816+00:00
2024-07-03,36.4672,False,,,,,2026-04-28T11:01:00.044816+00:00
2024-07-04,36.4779,False,,,,,2026-04-28T11:01:00.044816+00:00
2024-07-05,36.4779,False,,,,,2026-04-28T11:01:00.044816+00:00
2024-07-06,36.4779,False,,,,,2026-04-28T11:01:00.044816+00:00
2024-07-07,36.4779,False,,,,,2026-04-28T11:01:00.044816+00:00
2024-07-08,36.5123,False,,,,,2026-04-28T11:01:00.044816+00:00
2024-07-09,36.4888,False,,,,,2026-04-28T11:01:00.044816+00:00
2024-07-10,36.5056,False,,,,,2026-04-28T11:01:00.044816+00:00
2024-07-11,36.5134,False,,,,,2026-04-28T11:01:00.044816+00:00
2024-07-12,36.5303,False,,,,,2026-04-28T11:01:00.044816+00:00
2024-07-13,36.5303,False,,,,,2026-04-28T11:01:00.044816+00:00
2024-07-14,36.5303,False,,,,,2026-04-28T11:01:00.044816+00:00
2024-07-15,36.5243,False,,,,,2026-04-28T11:01:00.044816+00:00
2024-07-16,36.5004,False,,,,,2026-04-28T11:01:00.044816+00:00
2024-07-17,36.506,False,,,,,2026-04-28T11:01:00.044816+00:00
2024-07-18,36.5407,False,,,,,2026-04-28T11:01:00.044816+00:00
2024-07-19,36.5724,False,,,,,2026-04-28T11:01:00.044816+00:00
2024-07-20,36.5724,False,,,,,2026-04-28T11:01:00.044816+00:00
2024-07-21,36.5724,False,,,,,2026-04-28T11:01:00.044816+00:00
2024-07-22,36.6066,False,,,,,2026-04-28T11:01:00.044816+00:00
2024-07-23,36.5314,False,,,,,2026-04-28T11:01:00.044816+00:00
2024-07-24,36.5314,False,,,,,2026-04-28T11:01:00.044816+00:00
2024-07-25,36.559,False,,,,,2026-04-28T11:01:00.044816+00:00
2024-07-26,36.5797,False,,,,,2026-04-28T11:01:00.044816+00:00
2024-07-27,36.5797,False,,,,,2026-04-28T11:01:00.044816+00:00
2024-07-28,36.5797,False,,,,,2026-04-28T11:01:00.044816+00:00
2024-07-29,36.6074,False,,,,,2026-04-28T11:01:00.044816+00:00
2024-07-30,36.609,False,,,,,2026-04-28T11:01:00.044816+00:00
2024-07-31,36.6128,False,,,,,2026-04-28T11:01:00.044816+00:00
2024-08-01,36.6368,False,,,,,2026-04-28T11:01:00.044816+00:00
2024-08-02,36.6423,False,,,,,2026-04-28T11:01:00.044816+00:00
2024-08-03,36.6423,False,,,,,2026-04-28T11:01:00.044816+00:00
2024-08-04,36.6423,False,,,,,2026-04-28T11:01:00.044816+00:00
2024-08-05,36.6555,False,,,,,2026-04-28T11:01:00.044816+00:00
2024-08-06,36.6527,False,,,,,2026-04-28T11:01:00.044816+00:00
2024-08-07,36.6642,False,,,,,2026-04-28T11:01:00.044816+00:00
2024-08-08,36.6806,False,,,,,2026-04-28T11:01:00.044816+00:00
2024-08-09,36.6827,False,,,,,2026-04-28T11:01:00.044816+00:00
2024-08-10,36.6827,False,,,,,2026-04-28T11:01:00.044816+00:00
2024-08-11,36.6827,False,,,,,2026-04-28T11:01:00.044816+00:00
2024-08-12,36.6658,False,,,,,2026-04-28T11:01:00.044816+00:00
2024-08-13,36.6305,False,,,,,2026-04-28T11:01:00.044816+00:00
2024-08-14,36.6561,False,,,,,2026-04-28T11:01:00.044816+00:00
2024-08-15,36.6132,False,,,,,2026-04-28T11:01:00.044816+00:00
2024-08-16,36.6768,False,,,,,2026-04-28T11:01:00.044816+00:00
2024-08-17,36.6768,False,,,,,2026-04-28T11:01:00.044816+00:00
2024-08-18,36.6768,False,,,,,2026-04-28T11:01:00.044816+00:00
2024-08-19,36.6768,False,,,,,2026-04-28T11:01:00.044816+00:00
2024-08-20,36.6848,False,,,,,2026-04-28T11:01:00.044816+00:00
2024-08-21,36.683,False,,,,,2026-04-28T11:01:00.044816+00:00
2024-08-22,36.6484,False,,,,,2026-04-28T11:01:00.044816+00:00
2024-08-23,36.6967,False,,,,,2026-04-28T11:01:00.044816+00:00
2024-08-24,36.6967,False,,,,,2026-04-28T11:01:00.044816+00:00
2024-08-25,36.6967,False,,,,,2026-04-28T11:01:00.044816+00:00
2024-08-26,36.5888,False,,,,,2026-04-28T11:01:00.044816+00:00
2024-08-27,36.5633,False,,,,,2026-04-28T11:01:00.044816+00:00
2024-08-28,36.5883,False,,,,,2026-04-28T11:01:00.044816+00:00
2024-08-29,36.5919,False,,,,,2026-04-28T11:01:00.044816+00:00
2024-08-30,36.6259,False,,,,,2026-04-28T11:01:00.044816+00:00
2024-08-31,36.6259,False,,,,,2026-04-28T11:01:00.044816+00:00
2024-09-01,36.6259,False,,,,,2026-04-28T11:01:00.044816+00:00
2024-09-02,36.6454,False,,,,,2026-04-28T11:01:00.044816+00:00
2024-09-03,36.6386,False,,,,,2026-04-28T11:01:00.044816+00:00
2024-09-04,36.6391,False,,,,,2026-04-28T11:01:00.044816+00:00
2024-09-05,36.6436,False,,,,,2026-04-28T11:01:00.044816+00:00
2024-09-06,36.6846,False,,,,,2026-04-28T11:01:00.044816+00:00
2024-09-07,36.6846,False,,,,,2026-04-28T11:01:00.044816+00:00
2024-09-08,36.6846,False,,,,,2026-04-28T11:01:00.044816+00:00
2024-09-09,36.6958,False,,,,,2026-04-28T11:01:00.044816+00:00
2024-09-10,36.6854,False,,,,,2026-04-28T11:01:00.044816+00:00
2024-09-11,36.7062,False,,,,,2026-04-28T11:01:00.044816+00:00
2024-09-12,36.7323,False,,,,,2026-04-28T11:01:00.044816+00:00
2024-09-13,36.741,False,,,,,2026-04-28T11:01:00.044816+00:00
2024-09-14,36.741,False,,,,,2026-04-28T11:01:00.044816+00:00
2024-09-15,36.741,False,,,,,2026-04-28T11:01:00.044816+00:00
2024-09-16,36.741,False,,,,,2026-04-28T11:01:00.044816+00:00
2024-09-17,36.7751,False,,,,,2026-04-28T11:01:00.044816+00:00
2024-09-18,36.7702,False,,,,,2026-04-28T11:01:00.044816+00:00
2024-09-19,36.7789,False,,,,,2026-04-28T11:01:00.044816+00:00
2024-09-20,36.8013,False,,,,,2026-04-28T11:01:00.044816+00:00
2024-09-21,36.8013,False,,,,,2026-04-28T11:01:00.044816+00:00
2024-09-22,36.8013,False,,,,,2026-04-28T11:01:00.044816+00:00
2024-09-23,36.823,False,,,,,2026-04-28T11:01:00.044816+00:00
2024-09-24,36.813,False,,,,,2026-04-28T11:01:00.044816+00:00
2024-09-25,36.8105,False,,,,,2026-04-28T11:01:00.044816+00:00
2024-09-26,36.8507,False,,,,,2026-04-28T11:01:00.044816+00:00
2024-09-27,36.8655,False,,,,,2026-04-28T11:01:00.044816+00:00
2024-09-28,36.8655,False,,,,,2026-04-28T11:01:00.044816+00:00
2024-09-29,36.8655,False,,,,,2026-04-28T11:01:00.044816+00:00
2024-09-30,36.9086,False,,,,,2026-04-28T11:01:00.044816+00:00
2024-10-01,36.9227,False,,,,,2026-04-28T11:01:00.044816+00:00
2024-10-02,36.9187,False,,,,,2026-04-28T11:01:00.044816+00:00
2024-10-03,36.9812,False,,,,,2026-04-28T11:01:00.044816+00:00
2024-10-04,36.9855,False,,,,,2026-04-28T11:01:00.044816+00:00
2024-10-05,36.9855,False,,,,,2026-04-28T11:01:00.044816+00:00
2024-10-06,36.9855,False,,,,,2026-04-28T11:01:00.044816+00:00
2024-10-07,37.0358,False,,,,,2026-04-28T11:01:00.044816+00:00
2024-10-08,37.0397,False,,,,,2026-04-28T11:01:00.044816+00:00
2024-10-09,37.074,False,,,,,2026-04-28T11:01:00.044816+00:00
2024-10-10,37.5295,False,,,,,2026-04-28T11:01:00.044816+00:00
2024-10-11,37.6502,False,,,,,2026-04-28T11:01:00.044816+00:00
2024-10-12,37.6502,False,,,,,2026-04-28T11:01:00.044816+00:00
2024-10-13,37.6502,False,,,,,2026-04-28T11:01:00.044816+00:00
2024-10-14,38.8857,False,,,,,2026-04-28T11:01:00.044816+00:00
2024-10-15,38.888,False,,,,,2026-04-28T11:01:00.044816+00:00
2024-10-16,38.9179,False,,,,,2026-04-28T11:01:00.044816+00:00
2024-10-17,39.0116,False,,,,,2026-04-28T11:01:00.044816+00:00
2024-10-18,39.1344,False,,,,,2026-04-28T11:01:00.044816+00:00
2024-10-19,39.1344,False,,,,,2026-04-28T11:01:00.044816+00:00
2024-10-20,39.1344,False,,,,,2026-04-28T11:01:00.044816+00:00
2024-10-21,39.1699,False,,,,,2026-04-28T11:01:00.044816+00:00
2024-10-22,39.1813,False,,,,,2026-04-28T11:01:00.044816+00:00
2024-10-23,39.323,False,,,,,2026-04-28T11:01:00.044816+00:00
2024-10-24,39.4617,False,,,,,2026-04-28T11:01:00.044816+00:00
2024-10-25,40.8803,False,,,,,2026-04-28T11:01:00.044816+00:00
2024-10-26,40.8803,False,,,,,2026-04-28T11:01:00.044816+00:00
2024-10-27,40.8803,False,,,,,2026-04-28T11:01:00.044816+00:00
2024-10-28,41.0429,False,,,,,2026-04-28T11:01:00.044816+00:00
2024-10-29,41.7361,False,,,,,2026-04-28T11:01:00.044816+00:00
2024-10-30,42.2256,False,,,,,2026-04-28T11:01:00.044816+00:00
2024-10-31,42.5622,False,,,,,2026-04-28T11:01:00.044816+00:00
2024-11-01,42.7101,False,,,,,2026-04-28T11:01:00.044816+00:00
2024-11-02,42.7101,False,,,,,2026-04-28T11:01:00.044816+00:00
2024-11-03,42.7101,False,,,,,2026-04-28T11:01:00.044816+00:00
2024-11-04,42.7101,False,,,,,2026-04-28T11:01:00.044816+00:00
2024-11-05,42.8569,False,,,,,2026-04-28T11:01:00.044816+00:00
2024-11-06,43.4576,False,,,,,2026-04-28T11:01:00.044816+00:00
2024-11-07,43.7822,False,,,,,2026-04-28T11:01:00.044816+00:00
2024-11-08,44.1861,False,,,,,2026-04-28T11:01:00.044816+00:00
2024-11-09,44.1861,False,,,,,2026-04-28T11:01:00.044816+00:00
2024-11-10,44.1861,False,,,,,2026-04-28T11:01:00.044816+00:00
2024-11-11,44.7035,False,,,,,2026-04-28T11:01:00.044816+00:00
2024-11-12,44.7544,False,,,,,2026-04-28T11:01:00.044816+00:00
2024-11-13,44.9289,False,,,,,2026-04-28T11:01:00.044816+00:00
2024-11-14,45.053,False,,,,,2026-04-28T11:01:00.044816+00:00
2024-11-15,45.507,False,,,,,2026-04-28T11:01:00.044816+00:00
2024-11-16,45.507,False,,,,,2026-04-28T11:01:00.044816+00:00
2024-11-17,45.507,False,,,,,2026-04-28T11:01:00.044816+00:00
2024-11-18,45.507,False,,,,,2026-04-28T11:01:00.044816+00:00
2024-11-19,45.7894,False,,,,,2026-04-28T11:01:00.044816+00:00
2024-11-20,45.841,False,,,,,2026-04-28T11:01:00.044816+00:00
2024-11-21,46.0588,False,,,,,2026-04-28T11:01:00.044816+00:00
2024-11-22,46.3273,False,,,,,2026-04-28T11:01:00.044816+00:00
2024-11-23,46.3273,False,,,,,2026-04-28T11:01:00.044816+00:00
2024-11-24,46.3273,False,,,,,2026-04-28T11:01:00.044816+00:00
2024-11-25,46.6176,False,,,,,2026-04-28T11:01:00.044816+00:00
2024-11-26,46.6427,False,,,,,2026-04-28T11:01:00.044816+00:00
2024-11-27,46.7537,False,,,,,2026-04-28T11:01:00.044816+00:00
2024-11-28,46.8554,False,,,,,2026-04-28T11:01:00.044816+00:00
2024-11-29,47.3138,False,,,,,2026-04-28T11:01:00.044816+00:00
2024-11-30,47.3138,False,,,,,2026-04-28T11:01:00.044816+00:00
2024-12-01,47.3138,False,,,,,2026-04-28T11:01:00.044816+00:00
2024-12-02,47.6074,False,,,,,2026-04-28T11:01:00.044816+00:00
2024-12-03,47.7293,False,,,,,2026-04-28T11:01:00.044816+00:00
2024-12-04,47.8552,False,,,,,2026-04-28T11:01:00.044816+00:00
2024-12-05,48.1183,False,,,,,2026-04-28T11:01:00.044816+00:00
2024-12-06,48.3265,False,,,,,2026-04-28T11:01:00.044816+00:00
2024-12-07,48.3265,False,,,,,2026-04-28T11:01:00.044816+00:00
2024-12-08,48.3265,False,,,,,2026-04-28T11:01:00.044816+00:00
2024-12-09,48.7903,False,,,,,2026-04-28T11:01:00.044816+00:00
2024-12-10,48.8695,False,,,,,2026-04-28T11:01:00.044816+00:00
2024-12-11,49.1111,False,,,,,2026-04-28T11:01:00.044816+00:00
2024-12-12,49.4757,False,,,,,2026-04-28T11:01:00.044816+00:00
2024-12-13,49.9068,False,,,,,2026-04-28T11:01:00.044816+00:00
2024-12-14,49.9068,False,,,,,2026-04-28T11:01:00.044816+00:00
2024-12-15,49.9068,False,,,,,2026-04-28T11:01:00.044816+00:00
2024-12-16,50.3319,False,,,,,2026-04-28T11:01:00.044816+00:00
2024-12-17,50.371,False,,,,,2026-04-28T11:01:00.044816+00:00
2024-12-18,50.5419,False,,,,,2026-04-28T11:01:00.044816+00:00
2024-12-19,50.9545,False,,,,,2026-04-28T11:01:00.044816+00:00
2024-12-20,51.3504,False,,,,,2026-04-28T11:01:00.044816+00:00
2024-12-21,51.3504,False,,,,,2026-04-28T11:01:00.044816+00:00
2024-12-22,51.3504,False,,,,,2026-04-28T11:01:00.044816+00:00
2024-12-23,51.5398,False,,,,,2026-04-28T11:01:00.044816+00:00
2024-12-24,51.5398,False,,,,,2026-04-28T11:01:00.044816+00:00
2024-12-25,51.5398,False,,,,,2026-04-28T11:01:00.044816+00:00
2024-12-26,51.64,False,,,,,2026-04-28T11:01:00.044816+00:00
2024-12-27,51.7659,False,,,,,2026-04-28T11:01:00.044816+00:00
2024-12-28,51.7659,False,,,,,2026-04-28T11:01:00.044816+00:00
2024-12-29,51.7659,False,,,,,2026-04-28T11:01:00.044816+00:00
2024-12-30,51.9345,False,,,,,2026-04-28T11:01:00.044816+00:00
2024-12-31,51.9345,False,,,,,2026-04-28T11:01:00.044816+00:00
2025-01-01,51.9345,False,,,,,2026-04-28T11:01:00.044816+00:00
2025-01-02,52.0271,False,,,,,2026-04-28T11:01:00.044816+00:00
2025-01-03,52.5723,False,,,,,2026-04-28T11:01:00.044816+00:00
2025-01-04,52.5723,False,,,,,2026-04-28T11:01:00.044816+00:00
2025-01-05,52.5723,False,,,,,2026-04-28T11:01:00.044816+00:00
2025-01-06,52.5723,False,,,,,2026-04-28T11:01:00.044816+00:00
2025-01-07,53.012,False,,,,,2026-04-28T11:01:00.044816+00:00
2025-01-08,53.0704,False,,,,,2026-04-28T11:01:00.044816+00:00
2025-01-09,53.2827,False,,,,,2026-04-28T11:01:00.044816+00:00
2025-01-10,53.8522,False,,,,,2026-04-28T11:01:00.044816+00:00
2025-01-11,53.8522,False,,,,,2026-04-28T11:01:00.044816+00:00
2025-01-12,53.8522,False,,,,,2026-04-28T11:01:00.044816+00:00
2025-01-13,53.8522,False,,,,,2026-04-28T11:01:00.044816+00:00
2025-01-14,53.8791,False,,,,,2026-04-28T11:01:00.044816+00:00
2025-01-15,53.9642,False,,,,,2026-04-28T11:01:00.044816+00:00
2025-01-16,54.3694,False,,,,,2026-04-28T11:01:00.044816+00:00
2025-01-17,54.76,False,,,,,2026-04-28T11:01:00.044816+00:00
2025-01-18,54.76,False,,,,,2026-04-28T11:01:00.044816+00:00
2025-01-19,54.76,False,,,,,2026-04-28T11:01:00.044816+00:00
2025-01-20,54.9113,False,,,,,2026-04-28T11:01:00.044816+00:00
2025-01-21,54.9852,False,,,,,2026-04-28T11:01:00.044816+00:00
2025-01-22,55.2999,False,,,,,2026-04-28T11:01:00.044816+00:00
2025-01-23,55.7611,False,,,,,2026-04-28T11:01:00.044816+00:00
2025-01-24,56.283,False,,,,,2026-04-28T11:01:00.044816+00:00
2025-01-25,56.283,False,,,,,2026-04-28T11:01:00.044816+00:00
2025-01-26,56.283,False,,,,,2026-04-28T11:01:00.044816+00:00
2025-01-27,56.6522,False,,,,,2026-04-28T11:01:00.044816+00:00
2025-01-28,56.8562,False,,,,,2026-04-28T11:01:00.044816+00:00
2025-01-29,57.2974,False,,,,,2026-04-28T11:01:00.044816+00:00
2025-01-30,57.3929,False,,,,,2026-04-28T11:01:00.044816+00:00
2025-01-31,57.9666,False,,,,,2026-04-28T11:01:00.044816+00:00
2025-02-01,57.9666,False,,,,,2026-04-28T11:01:00.044816+00:00
2025-02-02,57.9666,False,,,,,2026-04-28T11:01:00.044816+00:00
2025-02-03,58.4437,False,,,,,2026-04-28T11:01:00.044816+00:00
2025-02-04,58.5404,False,,,,,2026-04-28T11:01:00.044816+00:00
2025-02-05,58.7938,False,,,,,2026-04-28T11:01:00.044816+00:00
2025-02-06,59.4605,False,,,,,2026-04-28T11:01:00.044816+00:00
2025-02-07,60.1417,False,,,,,2026-04-28T11:01:00.044816+00:00
2025-02-08,60.1417,False,,,,,2026-04-28T11:01:00.044816+00:00
2025-02-09,60.1417,False,,,,,2026-04-28T11:01:00.044816+00:00
2025-02-10,60.5211,False,,,,,2026-04-28T11:01:00.044816+00:00
2025-02-11,60.5428,False,,,,,2026-04-28T11:01:00.044816+00:00
2025-02-12,61.0278,False,,,,,2026-04-28T11:01:00.044816+00:00
2025-02-13,61.3462,False,,,,,2026-04-28T11:01:00.044816+00:00
2025-02-14,61.8227,False,,,,,2026-04-28T11:01:00.044816+00:00
2025-02-15,61.8227,False,,,,,2026-04-28T11:01:00.044816+00:00
2025-02-16,61.8227,False,,,,,2026-04-28T11:01:00.044816+00:00
2025-02-17,62.0708,False,,,,,2026-04-28T11:01:00.044816+00:00
2025-02-18,62.0999,False,,,,,2026-04-28T11:01:00.044816+00:00
2025-02-19,62.1834,False,,,,,2026-04-28T11:01:00.044816+00:00
2025-02-20,62.5107,False,,,,,2026-04-28T11:01:00.044816+00:00
2025-02-21,63.2065,False,,,,,2026-04-28T11:01:00.044816+00:00
2025-02-22,63.2065,False,,,,,2026-04-28T11:01:00.044816+00:00
2025-02-23,63.2065,False,,,,,2026-04-28T11:01:00.044816+00:00
2025-02-24,63.4139,False,,,,,2026-04-28T11:01:00.044816+00:00
2025-02-25,63.4938,False,,,,,2026-04-28T11:01:00.044816+00:00
2025-02-26,64.0191,False,,,,,2026-04-28T11:01:00.044816+00:00
2025-02-27,64.2406,False,,,,,2026-04-28T11:01:00.044816+00:00
2025-02-28,64.2464,False,,,,,2026-04-28T11:01:00.044816+00:00
2025-03-01,64.2464,False,,,,,2026-04-28T11:01:00.044816+00:00
2025-03-02,64.2464,False,,,,,2026-04-28T11:01:00.044816+00:00
2025-03-03,64.2464,False,,,,,2026-04-28T11:01:00.044816+00:00
2025-03-04,64.2464,False,,,,,2026-04-28T11:01:00.044816+00:00
2025-03-05,64.4844,False,,,,,2026-04-28T11:01:00.044816+00:00
2025-03-06,64.6116,False,,,,,2026-04-28T11:01:00.044816+00:00
2025-03-07,64.746,False,,,,,2026-04-28T11:01:00.044816+00:00
2025-03-08,64.746,False,,,,,2026-04-28T11:01:00.044816+00:00
2025-03-09,64.746,False,,,,,2026-04-28T11:01:00.044816+00:00
2025-03-10,65.2662,False,,,,,2026-04-28T11:01:00.044816+00:00
2025-03-11,65.4151,False,,,,,2026-04-28T11:01:00.044816+00:00
2025-03-12,65.6268,False,,,,,2026-04-28T11:01:00.044816+00:00
2025-03-13,66.2542,False,,,,,2026-04-28T11:01:00.044816+00:00
2025-03-14,66.4368,False,,,,,2026-04-28T11:01:00.044816+00:00
2025-03-15,66.4368,False,,,,,2026-04-28T11:01:00.044816+00:00
2025-03-16,66.4368,False,,,,,2026-04-28T11:01:00.044816+00:00
2025-03-17,66.5573,False,,,,,2026-04-28T11:01:00.044816+00:00
2025-03-18,66.788,False,,,,,2026-04-28T11:01:00.044816+00:00
2025-03-19,66.788,False,,,,,2026-04-28T11:01:00.044816+00:00
2025-03-20,67.6344,False,,,,,2026-04-28T11:01:00.044816+00:00
2025-03-21,67.8583,False,,,,,2026-04-28T11:01:00.044816+00:00
2025-03-22,67.8583,False,,,,,2026-04-28T11:01:00.044816+00:00
2025-03-23,67.8583,False,,,,,2026-04-28T11:01:00.044816+00:00
2025-03-24,68.3116,False,,,,,2026-04-28T11:01:00.044816+00:00
2025-03-25,68.3936,False,,,,,2026-04-28T11:01:00.044816+00:00
2025-03-26,68.6994,False,,,,,2026-04-28T11:01:00.044816+00:00
2025-03-27,69.0188,False,,,,,2026-04-28T11:01:00.044816+00:00
2025-03-28,69.4387,False,,,,,2026-04-28T11:01:00.044816+00:00
2025-03-29,69.4387,False,,,,,2026-04-28T11:01:00.044816+00:00
2025-03-30,69.4387,False,,,,,2026-04-28T11:01:00.044816+00:00
2025-03-31,69.5664,False,,,,,2026-04-28T11:01:00.044816+00:00
2025-04-01,69.776,False,,,,,2026-04-28T11:01:00.044816+00:00
2025-04-02,70.0141,False,,,,,2026-04-28T11:01:00.044816+00:00
2025-04-03,70.2493,False,,,,,2026-04-28T11:01:00.044816+00:00
2025-04-04,70.5852,False,,,,,2026-04-28T11:01:00.044816+00:00
2025-04-05,70.5852,False,,,,,2026-04-28T11:01:00.044816+00:00
2025-04-06,70.5852,False,,,,,2026-04-28T11:01:00.044816+00:00
2025-04-07,72.1856,False,,,,,2026-04-28T11:01:00.044816+00:00
2025-04-08,73.3576,False,,,,,2026-04-28T11:01:00.044816+00:00
2025-04-09,74.2787,False,,,,,2026-04-28T11:01:00.044816+00:00
2025-04-10,75.8025,False,,,,,2026-04-28T11:01:00.044816+00:00
2025-04-11,77.2646,False,,,,,2026-04-28T11:01:00.044816+00:00
2025-04-12,77.2646,False,,,,,2026-04-28T11:01:00.044816+00:00
2025-04-13,77.2646,False,,,,,2026-04-28T11:01:00.044816+00:00
2025-04-14,78.3635,False,,,,,2026-04-28T11:01:00.044816+00:00
2025-04-15,78.5914,False,,,,,2026-04-28T11:01:00.044816+00:00
2025-04-16,79.7844,False,,,,,2026-04-28T11:01:00.044816+00:00
2025-04-17,79.7844,False,,,,,2026-04-28T11:01:00.044816+00:00
2025-04-18,79.7844,False,,,,,2026-04-28T11:01:00.044816+00:00
2025-04-19,79.7844,False,,,,,2026-04-28T11:01:00.044816+00:00
2025-04-20,79.7844,False,,,,,2026-04-28T11:01:00.044816+00:00
2025-04-21,80.9598,False,,,,,2026-04-28T11:01:00.044816+00:00
2025-04-22,81.7613,False,,,,,2026-04-28T11:01:00.044816+00:00
2025-04-23,82.3788,False,,,,,2026-04-28T11:01:00.044816+00:00
2025-04-24,83.4182,False,,,,,2026-04-28T11:01:00.044816+00:00
2025-04-25,84.4204,False,,,,,2026-04-28T11:01:00.044816+00:00
2025-04-26,84.4204,False,,,,,2026-04-28T11:01:00.044816+00:00
2025-04-27,84.4204,False,,,,,2026-04-28T11:01:00.044816+00:00
2025-04-28,86.1143,False,,,,,2026-04-28T11:01:00.044816+00:00
2025-04-29,86.6564,False,,,,,2026-04-28T11:01:00.044816+00:00
2025-04-30,86.8465,False,,,,,2026-04-28T11:01:00.044816+00:00
2025-05-01,86.8465,False,,,,,2026-04-28T11:01:00.044816+00:00
2025-05-02,87.5681,False,,,,,2026-04-28T11:01:00.044816+00:00
2025-05-03,87.5681,False,,,,,2026-04-28T11:01:00.044816+00:00
2025-05-04,87.5681,False,,,,,2026-04-28T11:01:00.044816+00:00
2025-05-05,88.6405,False,,,,,2026-04-28T11:01:00.044816+00:00
2025-05-06,88.7224,False,,,,,2026-04-28T11:01:00.044816+00:00
2025-05-07,91.2113,False,,,,,2026-04-28T11:01:00.044816+00:00
2025-05-08,91.9165,False,,,,,2026-04-28T11:01:00.044816+00:00
2025-05-09,92.831,False,,,,,2026-04-28T11:01:00.044816+00:00
2025-05-10,92.831,False,,,,,2026-04-28T11:01:00.044816+00:00
2025-05-11,92.831,False,,,,,2026-04-28T11:01:00.044816+00:00
2025-05-12,93.0495,False,,,,,2026-04-28T11:01:00.044816+00:00
2025-05-13,93.0623,False,,,,,2026-04-28T11:01:00.044816+00:00
2025-05-14,93.5796,False,,,,,2026-04-28T11:01:00.044816+00:00
2025-05-15,94.1557,False,,,,,2026-04-28T11:01:00.044816+00:00
2025-05-16,94.3241,False,,,,,2026-04-28T11:01:00.044816+00:00
2025-05-17,94.3241,False,,,,,2026-04-28T11:01:00.044816+00:00
2025-05-18,94.3241,False,,,,,2026-04-28T11:01:00.044816+00:00
2025-05-19,94.763,False,,,,,2026-04-28T11:01:00.044816+00:00
2025-05-20,94.8024,False,,,,,2026-04-28T11:01:00.044816+00:00
2025-05-21,94.8556,False,,,,,2026-04-28T11:01:00.044816+00:00
2025-05-22,94.9652,False,,,,,2026-04-28T11:01:00.044816+00:00
2025-05-23,95.0189,False,,,,,2026-04-28T11:01:00.044816+00:00
2025-05-24,95.0189,False,,,,,2026-04-28T11:01:00.044816+00:00
2025-05-25,95.0189,False,,,,,2026-04-28T11:01:00.044816+00:00
2025-05-26,95.084,False,,,,,2026-04-28T11:01:00.044816+00:00
2025-05-27,95.2387,False,,,,,2026-04-28T11:01:00.044816+00:00
2025-05-28,95.8052,False,,,,,2026-04-28T11:01:00.044816+00:00
2025-05-29,96.5303,False,,,,,2026-04-28T11:01:00.044816+00:00
2025-05-30,96.8577,False,,,,,2026-04-28T11:01:00.044816+00:00
2025-05-31,96.8577,False,,,,,2026-04-28T11:01:00.044816+00:00
2025-06-01,96.8577,False,,,,,2026-04-28T11:01:00.044816+00:00
2025-06-02,96.8577,False,,,,,2026-04-28T11:01:00.044816+00:00
2025-06-03,97.3126,False,,,,,2026-04-28T11:01:00.044816+00:00
2025-06-04,97.4194,False,,,,,2026-04-28T11:01:00.044816+00:00
2025-06-05,97.9031,False,,,,,2026-04-28T11:01:00.044816+00:00
2025-06-06,98.5132,False,,,,,2026-04-28T11:01:00.044816+00:00
2025-06-07,98.5132,False,,,,,2026-04-28T11:01:00.044816+00:00
2025-06-08,98.5132,False,,,,,2026-04-28T11:01:00.044816+00:00
2025-06-09,99.0916,False,,,,,2026-04-28T11:01:00.044816+00:00
2025-06-10,99.1247,False,,,,,2026-04-28T11:01:00.044816+00:00
2025-06-11,99.6983,False,,,,,2026-04-28T11:01:00.044816+00:00
2025-06-12,100.3396,False,,,,,2026-04-28T11:01:00.044816+00:00
2025-06-13,101.0822,False,,,,,2026-04-28T11:01:00.044816+00:00
2025-06-14,101.0822,False,,,,,2026-04-28T11:01:00.044816+00:00
2025-06-15,101.0822,False,,,,,2026-04-28T11:01:00.044816+00:00
2025-06-16,101.0822,False,,,,,2026-04-28T11:01:00.044816+00:00
2025-06-17,102.157,False,,,,,2026-04-28T11:01:00.044816+00:00
2025-06-18,102.8083,False,,,,,2026-04-28T11:01:00.044816+00:00
2025-06-19,103.7355,False,,,,,2026-04-28T11:01:00.044816+00:00
2025-06-20,104.5434,False,,,,,2026-04-28T11:01:00.044816+00:00
2025-06-21,104.5434,False,,,,,2026-04-28T11:01:00.044816+00:00
2025-06-22,104.5434,False,,,,,2026-04-28T11:01:00.044816+00:00
2025-06-23,104.5434,False,,,,,2026-04-28T11:01:00.044816+00:00
2025-06-24,104.5434,False,,,,,2026-04-28T11:01:00.044816+00:00
2025-06-25,105.4527,False,,,,,2026-04-28T11:01:00.044816+00:00
2025-06-26,106.1685,False,,,,,2026-04-28T11:01:00.044816+00:00
2025-06-27,106.862,False,,,,,2026-04-28T11:01:00.044816+00:00
2025-06-28,106.862,False,,,,,2026-04-28T11:01:00.044816+00:00
2025-06-29,106.862,False,,,,,2026-04-28T11:01:00.044816+00:00
2025-06-30,107.6245,False,,,,,2026-04-28T11:01:00.044816+00:00
2025-07-01,108.1891,False,,,,,2026-04-28T11:01:00.044816+00:00
2025-07-02,108.9785,False,,,,,2026-04-28T11:01:00.044816+00:00
2025-07-03,109.7724,False,,,,,2026-04-28T11:01:00.044816+00:00
2025-07-04,110.5569,False,,,,,2026-04-28T11:01:00.044816+00:00
2025-07-05,110.5569,False,,,,,2026-04-28T11:01:00.044816+00:00
2025-07-06,110.5569,False,,,,,2026-04-28T11:01:00.044816+00:00
2025-07-07,111.4186,False,,,,,2026-04-28T11:01:00.044816+00:00
2025-07-08,112.1278,False,,,,,2026-04-28T11:01:00.044816+00:00
2025-07-09,112.8285,False,,,,,2026-04-28T11:01:00.044816+00:00
2025-07-10,113.7505,False,,,,,2026-04-28T11:01:00.044816+00:00
2025-07-11,114.4115,False,,,,,2026-04-28T11:01:00.044816+00:00
2025-07-12,114.4115,False,,,,,2026-04-28T11:01:00.044816+00:00
2025-07-13,114.4115,False,,,,,2026-04-28T11:01:00.044816+00:00
2025-07-14,115.3279,False,,,,,2026-04-28T11:01:00.044816+00:00
2025-07-15,115.8446,False,,,,,2026-04-28T11:01:00.044816+00:00
2025-07-16,116.8191,False,,,,,2026-04-28T11:01:00.044816+00:00
2025-07-17,117.4036,False,,,,,2026-04-28T11:01:00.044816+00:00
2025-07-18,118.2874,False,,,,,2026-04-28T11:01:00.044816+00:00
2025-07-19,118.2874,False,,,,,2026-04-28T11:01:00.044816+00:00
2025-07-20,118.2874,False,,,,,2026-04-28T11:01:00.044816+00:00
2025-07-21,119.1446,False,,,,,2026-04-28T11:01:00.044816+00:00
2025-07-22,119.6662,False,,,,,2026-04-28T11:01:00.044816+00:00
2025-07-23,120.4239,False,,,,,2026-04-28T11:01:00.044816+00:00
2025-07-24,120.4239,False,,,,,2026-04-28T11:01:00.044816+00:00
2025-07-25,121.3469,False,,,,,2026-04-28T11:01:00.044816+00:00
2025-07-26,121.3469,False,,,,,2026-04-28T11:01:00.044816+00:00
2025-07-27,121.3469,False,,,,,2026-04-28T11:01:00.044816+00:00
2025-07-28,122.17,False,,,,,2026-04-28T11:01:00.044816+00:00
2025-07-29,122.8408,False,,,,,2026-04-28T11:01:00.044816+00:00
2025-07-30,123.8718,False,,,,,2026-04-28T11:01:00.044816+00:00
2025-07-31,124.5102,False,,,,,2026-04-28T11:01:00.044816+00:00
2025-08-01,125.4247,False,,,,,2026-04-28T11:01:00.044816+00:00
2025-08-02,125.4247,False,,,,,2026-04-28T11:01:00.044816+00:00
2025-08-03,125.4247,False,,,,,2026-04-28T11:01:00.044816+00:00
2025-08-04,126.2802,False,,,,,2026-04-28T11:01:00.044816+00:00
2025-08-05,127.1097,False,,,,,2026-04-28T11:01:00.044816+00:00
2025-08-06,128.2409,False,,,,,2026-04-28T11:01:00.044816+00:00
2025-08-07,129.0535,False,,,,,2026-04-28T11:01:00.044816+00:00
2025-08-08,130.0652,False,,,,,2026-04-28T11:01:00.044816+00:00
2025-08-09,130.0652,False,,,,,2026-04-28T11:01:00.044816+00:00
2025-08-10,130.0652,False,,,,,2026-04-28T11:01:00.044816+00:00
2025-08-11,131.1241,False,,,,,2026-04-28T11:01:00.044816+00:00
2025-08-12,132.3026,False,,,,,2026-04-28T11:01:00.044816+00:00
2025-08-13,133.5159,False,,,,,2026-04-28T11:01:00.044816+00:00
2025-08-14,134.4812,False,,,,,2026-04-28T11:01:00.044816+00:00
2025-08-15,135.6399,False,,,,,2026-04-28T11:01:00.044816+00:00
2025-08-16,135.6399,False,,,,,2026-04-28T11:01:00.044816+00:00
2025-08-17,135.6399,False,,,,,2026-04-28T11:01:00.044816+00:00
2025-08-18,135.6399,False,,,,,2026-04-28T11:01:00.044816+00:00
2025-08-19,136.8931,False,,,,,2026-04-28T11:01:00.044816+00:00
2025-08-20,138.1283,False,,,,,2026-04-28T11:01:00.044816+00:00
2025-08-21,139.4016,False,,,,,2026-04-28T11:01:00.044816+00:00
2025-08-22,140.66,False,,,,,2026-04-28T11:01:00.044816+00:00
2025-08-23,140.66,False,,,,,2026-04-28T11:01:00.044816+00:00
2025-08-24,140.66,False,,,,,2026-04-28T11:01:00.044816+00:00
2025-08-25,141.8843,False,,,,,2026-04-28T11:01:00.044816+00:00
2025-08-26,143.0381,False,,,,,2026-04-28T11:01:00.044816+00:00
2025-08-27,144.3732,False,,,,,2026-04-28T11:01:00.044816+00:00
2025-08-28,145.7453,False,,,,,2026-04-28T11:01:00.044816+00:00
2025-08-29,147.0825,False,,,,,2026-04-28T11:01:00.044816+00:00
2025-08-30,147.0825,False,,,,,2026-04-28T11:01:00.044816+00:00
2025-08-31,147.0825,False,,,,,2026-04-28T11:01:00.044816+00:00
2025-09-01,148.444,False,,,,,2026-04-28T11:01:00.044816+00:00
2025-09-02,149.4677,False,,,,,2026-04-28T11:01:00.044816+00:00
2025-09-03,150.7952,False,,,,,2026-04-28T11:01:00.044816+00:00
2025-09-04,151.7627,False,,,,,2026-04-28T11:01:00.044816+00:00
2025-09-05,152.8216,False,,,,,2026-04-28T11:01:00.044816+00:00
2025-09-06,152.8216,False,,,,,2026-04-28T11:01:00.044816+00:00
2025-09-07,152.8216,False,,,,,2026-04-28T11:01:00.044816+00:00
2025-09-08,154.0108,False,,,,,2026-04-28T11:01:00.044816+00:00
2025-09-09,154.9825,False,,,,,2026-04-28T11:01:00.044816+00:00
2025-09-10,156.3739,False,,,,,2026-04-28T11:01:00.044816+00:00
2025-09-11,157.7287,False,,,,,2026-04-28T11:01:00.044816+00:00
2025-09-12,158.9289,False,,,,,2026-04-28T11:01:00.044816+00:00
2025-09-13,158.9289,False,,,,,2026-04-28T11:01:00.044816+00:00
2025-09-14,158.9289,False,,,,,2026-04-28T11:01:00.044816+00:00
2025-09-15,158.9289,False,,,,,2026-04-28T11:01:00.044816+00:00
2025-09-16,160.4479,False,,,,,2026-04-28T11:01:00.044816+00:00
2025-09-17,161.888,False,,,,,2026-04-28T11:01:00.044816+00:00
2025-09-18,163.6474,False,,,,,2026-04-28T11:01:00.044816+00:00
2025-09-19,165.4101,False,,,,,2026-04-28T11:01:00.044816+00:00
2025-09-20,165.4101,False,,,,,2026-04-28T11:01:00.044816+00:00
2025-09-21,165.4101,False,,,,,2026-04-28T11:01:00.044816+00:00
2025-09-22,166.5834,False,,,,,2026-04-28T11:01:00.044816+00:00
2025-09-23,168.4157,False,,,,,2026-04-28T11:01:00.044816+00:00
2025-09-24,169.9761,False,,,,,2026-04-28T11:01:00.044816+00:00
2025-09-25,171.8458,False,,,,,2026-04-28T11:01:00.044816+00:00
2025-09-26,173.7361,False,,,,,2026-04-28T11:01:00.044816+00:00
2025-09-27,173.7361,False,,,,,2026-04-28T11:01:00.044816+00:00
2025-09-28,173.7361,False,,,,,2026-04-28T11:01:00.044816+00:00
2025-09-29,175.6471,False,,,,,2026-04-28T11:01:00.044816+00:00
2025-09-30,177.6143,False,,,,,2026-04-28T11:01:00.044816+00:00
2025-10-01,179.4308,False,,,,,2026-04-28T11:01:00.044816+00:00
2025-10-02,181.3037,False,,,,,2026-04-28T11:01:00.044816+00:00
2025-10-03,183.1369,False,,,,,2026-04-28T11:01:00.044816+00:00
2025-10-04,183.1369,False,,,,,2026-04-28T11:01:00.044816+00:00
2025-10-05,183.1369,False,,,,,2026-04-28T11:01:00.044816+00:00
2025-10-06,185.3983,False,,,,,2026-04-28T11:01:00.044816+00:00
2025-10-07,187.2893,False,,,,,2026-04-28T11:01:00.044816+00:00
2025-10-08,189.2594,False,,,,,2026-04-28T11:01:00.044816+00:00
2025-10-09,191.3661,False,,,,,2026-04-28T11:01:00.044816+00:00
2025-10-10,193.2996,False,,,,,2026-04-28T11:01:00.044816+00:00
2025-10-11,193.2996,False,,,,,2026-04-28T11:01:00.044816+00:00
2025-10-12,193.2996,False,,,,,2026-04-28T11:01:00.044816+00:00
2025-10-13,195.2491,False,,,,,2026-04-28T11:01:00.044816+00:00
2025-10-14,197.2456,False,,,,,2026-04-28T11:01:00.044816+00:00
2025-10-15,199.1072,False,,,,,2026-04-28T11:01:00.044816+00:00
2025-10-16,201.4665,False,,,,,2026-04-28T11:01:00.044816+00:00
2025-10-17,203.742,False,,,,,2026-04-28T11:01:00.044816+00:00
2025-10-18,203.742,False,,,,,2026-04-28T11:01:00.044816+00:00
2025-10-19,203.742,False,,,,,2026-04-28T11:01:00.044816+00:00
2025-10-20,205.6754,False,,,,,2026-04-28T11:01:00.044816+00:00
2025-10-21,207.8938,False,,,,,2026-04-28T11:01:00.044816+00:00
2025-10-22,210.2825,False,,,,,2026-04-28T11:01:00.044816+00:00
2025-10-23,212.4837,False,,,,,2026-04-28T11:01:00.044816+00:00
2025-10-24,214.419,False,,,,,2026-04-28T11:01:00.044816+00:00
2025-10-25,214.419,False,,,,,2026-04-28T11:01:00.044816+00:00
2025-10-26,214.419,False,,,,,2026-04-28T11:01:00.044816+00:00
2025-10-27,216.3714,False,,,,,2026-04-28T11:01:00.044816+00:00
2025-10-28,218.17,False,,,,,2026-04-28T11:01:00.044816+00:00
2025-10-29,219.8737,False,,,,,2026-04-28T11:01:00.044816+00:00
2025-10-30,221.7438,False,,,,,2026-04-28T11:01:00.044816+00:00
2025-10-31,223.6459,False,,,,,2026-04-28T11:01:00.044816+00:00
2025-11-01,223.6459,False,,,,,2026-04-28T11:01:00.044816+00:00
2025-11-02,223.6459,False,,,,,2026-04-28T11:01:00.044816+00:00
2025-11-03,223.9622,False,,,,,2026-04-28T11:01:00.044816+00:00
2025-11-04,224.3762,False,,,,,2026-04-28T11:01:00.044816+00:00
2025-11-05,226.1305,False,,,,,2026-04-28T11:01:00.044816+00:00
2025-11-06,227.5567,False,,,,,2026-04-28T11:01:00.044816+00:00
2025-11-07,228.4796,False,,,,,2026-04-28T11:01:00.044816+00:00
2025-11-08,228.4796,False,,,,,2026-04-28T11:01:00.044816+00:00
2025-11-09,228.4796,False,,,,,2026-04-28T11:01:00.044816+00:00
2025-11-10,231.0462,False,,,,,2026-04-28T11:01:00.044816+00:00
2025-11-11,231.0938,False,,,,,2026-04-28T11:01:00.044816+00:00
2025-11-12,233.0458,False,,,,,2026-04-28T11:01:00.044816+00:00
2025-11-13,233.5576,False,,,,,2026-04-28T11:01:00.044816+00:00
2025-11-14,234.8715,False,,,,,2026-04-28T11:01:00.044816+00:00
2025-11-15,234.8715,False,,,,,2026-04-28T11:01:00.044816+00:00
2025-11-16,234.8715,False,,,,,2026-04-28T11:01:00.044816+00:00
2025-11-17,236.4601,False,,,,,2026-04-28T11:01:00.044816+00:00
2025-11-18,236.8389,False,,,,,2026-04-28T11:01:00.044816+00:00
2025-11-19,237.7505,False,,,,,2026-04-28T11:01:00.044816+00:00
2025-11-20,240.3209,False,,,,,2026-04-28T11:01:00.044816+00:00
2025-11-21,241.578,False,,,,,2026-04-28T11:01:00.044816+00:00
2025-11-22,241.578,False,,,,,2026-04-28T11:01:00.044816+00:00
2025-11-23,241.578,False,,,,,2026-04-28T11:01:00.044816+00:00
2025-11-24,241.578,False,,,,,2026-04-28T11:01:00.044816+00:00
2025-11-25,243.1105,False,,,,,2026-04-28T11:01:00.044816+00:00
2025-11-26,243.5727,False,,,,,2026-04-28T11:01:00.044816+00:00
2025-11-27,244.6504,False,,,,,2026-04-28T11:01:00.044816+00:00
2025-11-28,245.6697,False,,,,,2026-04-28T11:01:00.044816+00:00
2025-11-29,245.6697,False,,,,,2026-04-28T11:01:00.044816+00:00
2025-11-30,245.6697,False,,,,,2026-04-28T11:01:00.044816+00:00
2025-12-01,247.3003,False,,,,,2026-04-28T11:01:00.044816+00:00
2025-12-02,247.4071,False,,,,,2026-04-28T11:01:00.044816+00:00
2025-12-03,249.1989,False,,,,,2026-04-28T11:01:00.044816+00:00
2025-12-04,251.8867,False,,,,,2026-04-28T11:01:00.044816+00:00
2025-12-05,254.8705,False,,,,,2026-04-28T11:01:00.044816+00:00
2025-12-06,254.8705,False,,,,,2026-04-28T11:01:00.044816+00:00
2025-12-07,254.8705,False,,,,,2026-04-28T11:01:00.044816+00:00
2025-12-08,254.8705,False,,,,,2026-04-28T11:01:00.044816+00:00
2025-12-09,257.9287,False,,,,,2026-04-28T11:01:00.044816+00:00
2025-12-10,262.1036,False,,,,,2026-04-28T11:01:00.044816+00:00
2025-12-11,265.0662,False,,,,,2026-04-28T11:01:00.044816+00:00
2025-12-12,267.7499,False,,,,,2026-04-28T11:01:00.044816+00:00
2025-12-13,267.7499,False,,,,,2026-04-28T11:01:00.044816+00:00
2025-12-14,267.7499,False,,,,,2026-04-28T11:01:00.044816+00:00
2025-12-15,270.7893,False,,,,,2026-04-28T11:01:00.044816+00:00
2025-12-16,273.5861,False,,,,,2026-04-28T11:01:00.044816+00:00
2025-12-17,276.5769,False,,,,,2026-04-28T11:01:00.044816+00:00
2025-12-18,279.5629,False,,,,,2026-04-28T11:01:00.044816+00:00
2025-12-19,282.5128,False,,,,,2026-04-28T11:01:00.044816+00:00
2025-12-20,282.5128,False,,,,,2026-04-28T11:01:00.044816+00:00
2025-12-21,282.5128,False,,,,,2026-04-28T11:01:00.044816+00:00
2025-12-22,285.4024,False,,,,,2026-04-28T11:01:00.044816+00:00
2025-12-23,288.4494,False,,,,,2026-04-28T11:01:00.044816+00:00
2025-12-24,288.4494,False,,,,,2026-04-28T11:01:00.044816+00:00
2025-12-25,288.4494,False,,,,,2026-04-28T11:01:00.044816+00:00
2025-12-26,291.3524,False,,,,,2026-04-28T11:01:00.044816+00:00
2025-12-27,291.3524,False,,,,,2026-04-28T11:01:00.044816+00:00
2025-12-28,291.3524,False,,,,,2026-04-28T11:01:00.044816+00:00
2025-12-29,294.9699,False,,,,,2026-04-28T11:01:00.044816+00:00
2025-12-30,298.1431,False,,,,,2026-04-28T11:01:00.044816+00:00
2025-12-31,298.1431,False,,,,,2026-04-28T11:01:00.044816+00:00
2026-01-01,298.1431,False,,,,,2026-04-28T11:01:00.044816+00:00
2026-01-02,301.3709,False,,,,,2026-04-28T11:01:00.044816+00:00
2026-01-03,301.3709,False,,,,,2026-04-28T11:01:00.044816+00:00
2026-01-04,301.3709,False,,,,,2026-04-28T11:01:00.044816+00:00
2026-01-05,304.6796,False,,,,,2026-04-28T11:01:00.044816+00:00
2026-01-06,308.1546,False,,,,,2026-04-28T11:01:00.044816+00:00
2026-01-07,311.8814,False,,,,,2026-04-28T11:01:00.044816+00:00
2026-01-08,321.0323,False,,,,,2026-04-28T11:01:00.044816+00:00
2026-01-09,325.3894,False,,,,,2026-04-28T11:01:00.044816+00:00
2026-01-10,325.3894,False,,,,,2026-04-28T11:01:00.044816+00:00
2026-01-11,325.3894,False,,,,,2026-04-28T11:01:00.044816+00:00
2026-01-12,325.3894,False,,,,,2026-04-28T11:01:00.044816+00:00
2026-01-13,330.3751,False,,,,,2026-04-28T11:01:00.044816+00:00
2026-01-14,336.4596,False,,,,,2026-04-28T11:01:00.044816+00:00
2026-01-15,339.1495,False,,,,,2026-04-28T11:01:00.044816+00:00
2026-01-16,341.7425,False,,,,,2026-04-28T11:01:00.044816+00:00
2026-01-17,341.7425,False,,,,,2026-04-28T11:01:00.044816+00:00
2026-01-18,341.7425,False,,,,,2026-04-28T11:01:00.044816+00:00
2026-01-19,341.7425,False,,,,,2026-04-28T11:01:00.044816+00:00
2026-01-20,344.5071,False,,,,,2026-04-28T11:01:00.044816+00:00
2026-01-21,347.2631,False,,,,,2026-04-28T11:01:00.044816+00:00
2026-01-22,349.9272,False,,,,,2026-04-28T11:01:00.044816+00:00
2026-01-23,352.7063,False,,,,,2026-04-28T11:01:00.044816+00:00
2026-01-24,352.7063,False,,,,,2026-04-28T11:01:00.044816+00:00
2026-01-25,352.7063,False,,,,,2026-04-28T11:01:00.044816+00:00
2026-01-26,355.5528,False,,,,,2026-04-28T11:01:00.044816+00:00
2026-01-27,358.9247,False,,,,,2026-04-28T11:01:00.044816+00:00
2026-01-28,361.4906,False,,,,,2026-04-28T11:01:00.044816+00:00
2026-01-29,363.6623,False,,,,,2026-04-28T11:01:00.044816+00:00
2026-01-30,367.3069,False,,,,,2026-04-28T11:01:00.044816+00:00
2026-01-31,367.3069,False,,,,,2026-04-28T11:01:00.044816+00:00
2026-02-01,367.3069,False,,,,,2026-04-28T11:01:00.044816+00:00
2026-02-02,370.2544,False,,,,,2026-04-28T11:01:00.044816+00:00
2026-02-03,372.1057,False,,,,,2026-04-28T11:01:00.044816+00:00
2026-02-04,375.0825,False,,,,,2026-04-28T11:01:00.044816+00:00
2026-02-05,378.4582,False,,,,,2026-04-28T11:01:00.044816+00:00
2026-02-06,381.1074,False,,,,,2026-04-28T11:01:00.044816+00:00
2026-02-07,381.1074,False,,,,,2026-04-28T11:01:00.044816+00:00
2026-02-08,381.1074,False,,,,,2026-04-28T11:01:00.044816+00:00
2026-02-09,382.6318,False,,,,,2026-04-28T11:01:00.044816+00:00
2026-02-10,385.272,False,,,,,2026-04-28T11:01:00.044816+00:00
2026-02-11,388.7394,False,,,,,2026-04-28T11:01:00.044816+00:00
2026-02-12,390.2944,False,,,,,2026-04-28T11:01:00.044816+00:00
2026-02-13,393.2216,False,,,,,2026-04-28T11:01:00.044816+00:00
2026-02-14,393.2216,False,531.14,False,137.91839999999996,0.35073963383496726,2026-04-28T11:01:00.044816+00:00
2026-02-15,393.2216,False,535.43,False,142.20839999999993,0.36164951264121786,2026-04-28T11:01:00.044816+00:00
2026-02-16,393.2216,False,535.21,False,141.9884,0.361090031676795,2026-04-28T11:01:00.044816+00:00
2026-02-17,393.2216,False,532.94,False,139.71840000000003,0.3553172053620656,2026-04-28T11:01:00.044816+00:00
2026-02-18,396.3674,False,559.75,False,163.38260000000002,0.4121998933312882,2026-04-28T11:01:00.044816+00:00
2026-02-19,398.7456,False,579.39,False,180.64439999999996,0.45303170743451454,2026-04-28T11:01:00.044816+00:00
2026-02-20,402.3343,False,574.09,False,171.75570000000005,0.42689798011255825,2026-04-28T11:01:00.044816+00:00
2026-02-21,402.3343,False,572.77,False,170.4357,0.42361712635487453,2026-04-28T11:01:00.044816+00:00
2026-02-22,402.3343,False,563.62,False,161.28570000000002,0.40087484462547696,2026-04-28T11:01:00.044816+00:00
2026-02-23,405.3518,False,584.49,False,179.13819999999998,0.4419326619494473,2026-04-28T11:01:00.044816+00:00
2026-02-24,407.3786,False,608.28,False,200.90139999999997,0.4931564888288191,2026-04-28T11:01:00.044816+00:00
2026-02-25,411.0857,False,606.14,False,195.0543,0.4744857337533269,2026-04-28T11:01:00.044816+00:00
2026-02-26,414.0455,False,610.92,False,196.87449999999995,0.47549001257108203,2026-04-28T11:01:00.044816+00:00
2026-02-27,417.3579,False,603.32,False,185.96210000000008,0.44556985742931926,2026-04-28T11:01:00.044816+00:00
2026-02-28,417.3579,False,603.32,False,185.96210000000008,0.44556985742931926,2026-04-28T11:01:00.044816+00:00
2026-03-01,417.3579,False,603.32,False,185.96210000000008,0.44556985742931926,2026-04-28T11:01:00.044816+00:00
2026-03-02,419.9873,False,603.32,False,183.33270000000005,0.43651962809351624,2026-04-28T11:01:00.044816+00:00
2026-03-03,421.8772,False,603.32,False,181.44280000000003,0.43008439422656647,2026-04-28T11:01:00.044816+00:00
2026-03-04,425.6741,False,603.32,False,177.64590000000004,0.41732842096805994,2026-04-28T11:01:00.044816+00:00
2026-03-05,427.9302,False,603.32,False,175.38980000000004,0.4098560933535423,2026-04-28T11:01:00.044816+00:00
2026-03-06,431.0113,False,603.32,False,172.30870000000004,0.3997776856430447,2026-04-28T11:01:00.044816+00:00
2026-03-07,431.0113,False,603.32,False,172.30870000000004,0.3997776856430447,2026-04-28T11:01:00.044816+00:00
2026-03-08,431.0113,False,603.32,False,172.30870000000004,0.3997776856430447,2026-04-28T11:01:00.044816+00:00
2026-03-09,433.1664,False,603.32,False,170.15360000000004,0.39281347768432645,2026-04-28T11:01:00.044816+00:00
2026-03-10,436.2419,False,603.32,False,167.07810000000006,0.3829941598915649,2026-04-28T11:01:00.044816+00:00
2026-03-11,438.205,False,603.32,False,165.11500000000007,0.3767985303682068,2026-04-28T11:01:00.044816+00:00
2026-03-12,440.9657,False,603.32,False,162.35430000000002,0.3681789762786539,2026-04-28T11:01:00.044816+00:00
2026-03-13,443.2587,False,603.32,False,160.06130000000007,0.3611013162291007,2026-04-28T11:01:00.044816+00:00
2026-03-14,443.2587,False,603.32,False,160.06130000000007,0.3611013162291007,2026-04-28T11:01:00.044816+00:00
2026-03-15,443.2587,False,630.72,False,187.46130000000005,0.42291623379304244,2026-04-28T11:01:00.044816+00:00
2026-03-16,446.8048,False,648.69,False,201.88520000000005,0.4518420572026085,2026-04-28T11:01:00.044816+00:00
2026-03-17,448.3686,False,662.81,False,214.44139999999993,0.4782703338280154,2026-04-28T11:01:00.044816+00:00
2026-03-18,451.5072,False,665.16,False,213.65279999999996,0.473199098486137,2026-04-28T11:01:00.044816+00:00
2026-03-19,451.5072,False,662.37,False,210.8628,0.46701979503316887,2026-04-28T11:01:00.044816+00:00
2026-03-20,455.2547,False,656.02,False,200.76529999999997,0.44099555699260207,2026-04-28T11:01:00.044816+00:00
2026-03-21,455.2547,False,655.42,False,200.16529999999995,0.4396776134326564,2026-04-28T11:01:00.044816+00:00
2026-03-22,455.2547,False,656.24,False,200.9853,0.4414788029645822,2026-04-28T11:01:00.044816+00:00
2026-03-23,457.0757,False,659.65,False,202.5743,0.4431963895696052,2026-04-28T11:01:00.044816+00:00
2026-03-24,459.4525,False,662.99,False,203.53750000000002,0.4430000925014012,2026-04-28T11:01:00.044816+00:00
2026-03-25,462.6687,False,678.37,False,215.7013,0.4662111355274303,2026-04-28T11:01:00.044816+00:00
2026-03-26,466.6014,False,666.03,False,199.42859999999996,0.42740677589051373,2026-04-28T11:01:00.044816+00:00
2026-03-27,468.5145,False,661.84,False,193.32550000000003,0.41263504117802124,2026-04-28T11:01:00.044816+00:00
2026-03-28,468.5145,False,666.78,False,198.26549999999997,0.4231790051321784,2026-04-28T11:01:00.044816+00:00
2026-03-29,468.5145,False,666.5,False,197.9855,0.42258137154773223,2026-04-28T11:01:00.044816+00:00
2026-03-30,471.7004,False,656.39,False,184.68959999999998,0.39154005381381907,2026-04-28T11:01:00.044816+00:00
2026-03-31,473.8702,False,656.57,False,182.69980000000004,0.3855481944211728,2026-04-28T11:01:00.044816+00:00
2026-04-01,473.9176,False,652.97,False,179.05240000000003,0.3778133582715646,2026-04-28T11:01:00.044816+00:00
2026-04-02,473.9176,False,651.98,False,178.06240000000003,0.3757243875306594,2026-04-28T11:01:00.044816+00:00
2026-04-03,473.9176,False,643.94,False,170.02240000000006,0.35875941302876296,2026-04-28T11:01:00.044816+00:00
2026-04-04,473.9176,False,633.35,False,159.43240000000003,0.33641375631544396,2026-04-28T11:01:00.044816+00:00
2026-04-05,473.9176,False,629.5,False,155.5824,0.32828998121192376,2026-04-28T11:01:00.044816+00:00
2026-04-06,474.0598,False,634.95,False,160.89020000000005,0.33938798438509243,2026-04-28T11:01:00.044816+00:00
2026-04-07,474.5338,False,634.52,False,159.9862,0.33714395054683144,2026-04-28T11:01:00.044816+00:00
2026-04-08,475.0083,False,635.85,False,160.8417,0.33860818853060043,2026-04-28T11:01:00.044816+00:00
2026-04-09,475.9583,False,634.87,False,158.9117,0.33387735858372464,2026-04-28T11:01:00.044816+00:00
2026-04-10,476.4342,False,637.5,False,161.06580000000002,0.33806515149416233,2026-04-28T11:01:00.044816+00:00
2026-04-11,476.4342,False,633.4,False,156.9658,0.32945955601004295,2026-04-28T11:01:00.044816+00:00
2026-04-12,476.4342,False,630.23,False,153.79580000000004,0.3228059614528093,2026-04-28T11:01:00.044816+00:00
2026-04-13,477.1488,False,636.5,False,159.3512,0.3339654212690046,2026-04-28T11:01:00.044816+00:00
2026-04-14,477.6259,False,639.94,False,162.31410000000005,0.3398352141288821,2026-04-28T11:01:00.044816+00:00
2026-04-15,478.5811,False,626.7,False,148.11890000000005,0.30949592451519725,2026-04-28T11:01:00.044816+00:00
2026-04-16,479.7775,False,622.67,False,142.89249999999998,0.29783076530266633,2026-04-28T11:01:00.044816+00:00
2026-04-17,480.2572,False,622.16,False,141.90279999999996,0.2954725093137593,2026-04-28T11:01:00.044816+00:00
2026-04-18,480.2572,True,619.25,False,138.9928,0.2894132560636259,2026-04-28T11:01:00.044816+00:00
2026-04-19,480.2572,True,620.34,False,140.08280000000002,0.2916828732604113,2026-04-28T11:01:00.044816+00:00
2026-04-20,481.2177,False,619.57,False,138.35230000000007,0.28750459511360466,2026-04-28T11:01:00.044816+00:00
2026-04-21,481.6989,False,630.31,False,148.61109999999996,0.3085145097902444,2026-04-28T11:01:00.044816+00:00
2026-04-22,482.7586,False,624.9,False,142.14139999999998,0.29443576976153296,2026-04-28T11:01:00.044816+00:00
2026-04-23,483.3379,False,627.5,False,144.1621,0.2982635957163715,2026-04-28T11:01:00.044816+00:00
2026-04-24,483.8695,False,628.34,False,144.47050000000002,0.2985732723389261,2026-04-28T11:01:00.044816+00:00
2026-04-25,483.8695,True,627.82,False,143.95050000000003,0.29749860241242737,2026-04-28T11:01:00.044816+00:00
2026-04-26,483.8695,True,629.3,False,145.43049999999994,0.3005572783570775,2026-04-28T11:01:00.044816+00:00
2026-04-27,484.7404,False,628.52,False,143.77959999999996,0.29661154712914367,2026-04-28T11:01:00.044816+00:00
2026-04-28,485.2251,False,644.53,False,159.30489999999998,0.32831133426527187,2026-04-28T11:01:00.044816+00:00
